Item,2002,2003,2004,2005,2006,2007,2008,2009,2010,2011,2012,2013,2014,2015,2016
TOTAL,-35876109830,-39280825289,-45849692767,-50567215101,-47922933506,-44744392499,-42991317994,-28191895873,-34295148642,-49390148480,-60422803955,-66978434378,-74808561932,-74849665112,-64865434126
994--Estimated Low Value Shipments,623484621,678119775,695549518,741823127,944869594,1108320259,1270847697,1010225443,1535328229,1141837603,1094869804,1061840204,1096943222,1115401191,1110454100
992--EXPORTS NOT OVER $10;000(TO 3/98) $20;000(4/98)NIK,15113368,8010114,4729046,4994816,3002118,2235615,888789,0,0,0,0,0,0,0,0
984--Estimate Of Low Valued Import Transactions,-1172025052,-1312534635,-1487019545,-1633399445,-1718387557,-1827305897,-1910014121,-1382495729,-943830629,-1060704872,-982543139,-966186434,-1403556177,-1402435613,-1382227006
971--Gold; Nonmonetary,17811824,27014109,14962071,129760760,166616887,233025975,289103793,115709526,301993558,271600143,242058414,456799215,217264765,65091374,90565147
961--Coin (Other Than Gold Coin),-675561,470266,192494,-1158537,-574805,6200043,1895930,1237410,28251038,37069137,4279285,3170373,4217669,8422687,1241890
950--Coin Including Gold,-3312943,-1832868,-2545194,4486353,-346127,32737131,54140460,69793264,149104502,339624587,421797042,488115394,325639035,314304806,170609455
931--Special Transactions Not Classified By Kind,-1612037116,-1271680109,-1331739173,-1384896741,-1694989366,-1824470423,-1470971379,-1371900700,-1496044732,-1824636582,-2172647241,-2389809787,-2681292974,-3093719507,-3543573144
899--Miscellaneous Manufactured Articles,-51441668,-131032982,-240709470,-251755953,-169939254,-151376557,-136111820,-104597568,-75287816,-53378423,102129258,122729542,128950832,148213982,70061892
898--Musical Instruments And Accessories,-37716088,-39139539,-6598071,-20536369,34821672,37553426,41754204,65871967,67633392,39376659,34381199,28723789,15761840,20809728,36083062
897--Jewelry; Goldsmiths' & Silversmiths' Wares,-13315701,-2378113,-7093623,12805990,1343700,13292473,22316804,23602366,15185255,15880366,44967878,68871554,46435368,29068878,93602018
896--Works Of Art; Collectors' Pieces And Antiques,-148669073,-170115816,-225763335,-134735023,-281940467,-330244220,-255414236,-117779886,-223767379,-94166576,-525766793,-494557714,-602713737,-515678053,-394362629
895--Office And Stationery Supplies,-45885419,-63353348,-52493820,-61758356,-64268299,-53038227,-38436293,-32603330,-40510793,-52269165,-54619654,-55909491,-60041629,-51795652,-67276440
894--Toys And Sporting Goods,-57038650,-69764678,-50703245,-52247416,-62006657,-34960351,-62510739,-20735613,-5785261,-30774155,-12495655,-4045003,-1525530,-12914620,-27579192
893--Articles Of Plastics,-118445718,-201470499,-203343108,-212259558,-189248603,-203034419,-214226053,-145332143,-191566814,-215130316,-201855720,-282452590,-316665120,-304971022,-340146376
892--Printed Matter,-35364888,-28194650,-42944274,-42293096,-58853902,-11859358,-70736931,-31452404,-54971849,-53440137,-55084328,-61569526,-48818151,-47000541,-41563372
891--Arms And Ammunition,-21752529,-112955212,-67184023,-77767350,-95598335,-133863409,-175615164,-233184813,-174845465,-292821066,-304860318,-443398420,-159548364,-118804454,-143641427
885--Watches And Clocks,-38730338,-32831413,-36577434,-37016301,-32235985,-32238389,-31886149,-15248361,-13434987,-23164608,-18700993,-25971937,-32181174,-23429407,-18061747
884--Optical Goods,19820314,4620150,4375030,111104110,76554555,76121926,94556310,82256176,45523608,1725922,-56140933,-47712746,-95976555,-43582622,-15733480
883--Cinema Film; Including Sound Track,438117,293925,159584,-12381,235162,-71223,34194,-425901,222572,-1811671,30897,-95417,-100614,24908,11235
882--Photographic And Cinematographic Supplies,17027592,11206443,32077639,-28033295,-18433220,-30413426,-46570612,54266056,63638109,62556309,54055154,19778927,10764541,2227354,-25955594
881--Photographic Apparatus And Equipment,-27341258,-43569695,-29279541,-24534200,-9365186,31804157,62457215,53438335,59396724,48553795,70818437,45419521,74098075,42053803,38412179
874--Measuring/Checking/Analysing Instuments,-327415013,-424823206,-476721379,-462664279,-551513399,-653035088,-626267659,-302450482,-543170349,-1120009030,-1530970823,-1435668748,-1607608575,-1379935026,-1083514862
873--Meters And Counters,-36132359,-38792652,-60982427,-73346406,-59509916,-59812644,-22925549,-44838708,-23556239,-45471553,-90442179,-91575889,-79761252,-61368044,-44543833
872--Medical Instruments & Appliances,-105101713,-236319289,-303854193,-251084320,-204344513,-242614833,-333925400,-356583164,-411597500,-550143210,-361387235,-330231117,-462174662,-378112681,-413328491
871--Optical Instruments And Apparatus,-59298235,-125008760,-118049899,-140049495,-155021526,-194065773,-182070371,-117444905,-139104268,-125425538,-145771037,-172538008,-130525436,-136762841,-205260857
851--Footwear,-89758958,-90809612,-75976132,-74986486,-55461698,-63478698,-47014355,-30457922,-39677079,-47267597,-38732396,-42136483,-82774336,-73235589,-109040260
848--Apparel & Accessories Except Textile; Headgear,1213930,-258587,578130,7460121,7707971,19906583,16470919,16297552,10398951,4554021,5445323,7572563,1943066,1654908,-1282205
846--Clothing Accessories,-4257834,-7313530,-9141108,-11661606,-9824400,-10266602,-8416658,-9158114,-8563978,-5329730,-2575962,2778192,3733101,4129007,-2807578
845--Articles Of Apparel Of Textile Fabrics,16359839,11411670,12392888,12434873,14894260,17823792,27575839,24094106,20248475,27240453,24187721,30938340,26469298,19448740,21119138
844--Women's Or Girls' Coats; Capes; Knit,292240,146713,338684,1836481,5600306,9393547,17252350,12282949,11860540,11759114,8398294,11137263,5510317,6186421,6779005
843--Men's Or Boys' Coats; Jackets; Knitted,1693818,1245548,846684,1613775,2126443,2006859,3287097,4872453,3232964,2301181,2128360,2347927,1566623,1919292,1465454
842--Women/Girls Coats; Not Knit,-20800806,-22776780,-18726826,-15660623,-10728069,-8050514,-3715192,2956816,1423215,2148445,4694837,7976483,6723855,12745675,9460093
841--Men's Or Boy's Coats; Jackets Etc; Not Knit,-4706557,-4948880,-5639886,-3520993,230463,-1729981,224688,1570591,2093426,1829678,1445112,2433268,1922699,1362426,-195027
831--Trunks; Suitcases; Vanity Cases; and Briefcases,3694601,1536636,1117937,2276699,-1003901,8742400,4483171,5456579,1779203,2461474,5084254,3875857,5441626,7944305,5167438
821--Furniture & Bedding Accessories,-178885081,-232029662,-290232736,-299825891,-324244951,-406225364,-363659162,-234925104,-264667702,-314948160,-292672852,-359202292,-428900970,-496725306,-440060706
813--Lighting Fixtures And Fittings,-33286049,-39715841,-48925528,-66489414,-64787077,-82021607,-88514604,-67223505,-78346096,-98007044,-90720355,-107126714,-125558147,-131824139,-142094558
812--Sanitary; Plumbing & Heating Fixtures,-16686746,-23546195,-34317621,-45056096,-49936338,-54087535,-66279577,-53840279,-55656316,-71951647,-64328438,-67201742,-78228689,-87174571,-57458605
811--Prefabricated Buildings,2830676,2512826,3689132,2744303,55936,2094375,4205551,11713865,10313414,8144407,7553618,1424196,4386765,-1251553,4575952
793--Ships; Boats And Floatng Structures,70694216,18854639,39354950,67848481,56753665,55963694,102147516,42201062,46929061,37461312,44148144,30806050,36510363,-142745943,11471383
792--Aircraft & Associated Equipment,-102201326,296615749,1566874311,1802534588,2897351125,4212027457,4368882112,3640797854,4475781921,4066487796,4131506854,2906389442,2558590077,2234336315,3046340468
791--Railway Vehicles & Associated Equipment,-114637418,-59497947,-23027122,-10945014,-71314143,-14275694,-29700946,-43853958,-232427751,-230573620,-371077823,-9266771,-53037254,-13408899,-43703107
786--Trailers & Semi-Trailers,-20744704,-6739390,-4899669,1671232,3575898,-39840018,-34926082,-72832624,-26990035,-84496488,-54844347,-59447166,-41832395,-40103056,-17280789
785--Motorcycles And Cycles; Motorized & Not Motorized,-15003277,-66757491,-101560803,-99230102,-114273922,-87366474,-75115597,-47364076,-30274188,-74774470,-93219751,-115452701,-67333506,-164658198,-124325629
784--Parts And Accessories Of Motor Vehicles,-1097624032,-1670408471,-1961992938,-2324163120,-2214739411,-2771796506,-2352024606,-1556908474,-2347754975,-3344573541,-4042045592,-4413108221,-4939734465,-5160695290,-4560952199
783--Road Motor Vehicles,1144933,-28559238,-81717788,-63091598,-88962907,-81298796,-38135361,-41985981,-21905875,-40235300,-20696567,-41738121,-23914343,-12258929,-22855265
782--Special Purpose Motor Vehicles,-125294397,-44618582,-79883143,-163843480,-168122655,-289733988,-424695249,-376253927,-157252599,-340423953,-441928431,-590894185,-689526780,-534346681,-483951878
781--All Motor Vehicles,-15018375188,-15769980425,-16328180347,-16652131552,-14210983422,-10334186077,-9853149786,-6695224854,-13106508456,-13981246573,-17413810334,-20751815924,-20360396070,-20498594692,-15352846046
778--Electrical Machinery And Apparatus,-315696992,-425457647,-557644743,-587343744,-559135967,-747025025,-905376785,-671484270,-788142634,-962352246,-1011646207,-1012533667,-1100540291,-1176155022,-1018245137
776--Thermionic; Cold Cathode and Photocathode Valves,618674483,694747520,714565855,857490968,1398255253,1272923799,1039575038,794175822,877527092,178284425,22020061,108040364,55493733,-273950543,120972778
775--Household Type Electric & Nonelectric Equipment,-268033763,-259038839,-287863043,-261331327,-705526534,-724222249,-264379073,-130397072,-182255583,-207998834,-192815056,-230299580,-269092974,-300265378,-290671398
774--Electro-Diagnostic Apparatus,-293228189,-355781233,-764232075,-1007212110,-967861015,-1016619511,-922525916,-699104617,-750632721,-1093927380,-1017055989,-1085556578,-1038097337,-1149170233,-1317692107
773--Equipment For Distributing Electricity,-48415656,-82692524,-81960954,-72401193,-73356104,-100196023,-123986647,-91093645,-126296024,-159904274,-143416300,-111126350,-184636988,-140561981,-122161148
772--Electrical Apparatus For Switching Or Protecting,-556344778,-721567326,-805944425,-824201482,-839811420,-870542598,-850866102,-609262102,-778686576,-1013453271,-1093122677,-1000997737,-1001183899,-877817190,-833889564
771--Electric Power Machinery; And Parts,-110799534,-109130174,-117679682,-104340571,-138082530,-153947197,-162478978,-254648375,-282792579,-318308162,-291759471,-339400053,-321498236,-319774085,-437906375
764--Telecommunications Equipment,194698024,24844662,102793168,162493436,126008943,189943340,166447640,215504349,104855197,17352562,-212252218,-271219471,-392349182,14494569,45232924
763--Sound Recorders and TV Recorders,-2882203,-7078817,-4888448,1143527,-14543889,-9008029,-14069893,-1594201,1632748,-7859112,-6049626,-5834382,-401499,-2461979,-2986427
762--Radiobroadcast Receivers,-51260624,-51228597,-29815631,-21223213,-16355566,-39259833,-2679218,1744725,12592724,24333485,64313548,113820244,97214344,97952122,25109198
761--Television Receivers,21805229,34549631,22403302,30599281,5738505,1894052,14811748,1433736,-1847779,23558694,14607339,26987926,54437753,27384654,49918666
759--Parts For Office Machines & ADP Machines,813577924,827258073,627102725,639129164,601878820,617871884,283843433,136799010,97048735,-32523860,-15218609,3752880,-34155279,-12084157,-33591251
752--Automatic Data Process Machines,605408934,623495183,711804483,709595738,751346713,702342204,465747125,453370983,369203614,378568597,438706376,364595632,414663072,380112110,435642577
751--Office Machines,-78383928,-108929561,-158480124,-101747893,-100486522,-2676285,-82638819,-132505755,-137184466,-29836076,35668840,27876700,-26399897,13673963,36326279
749--Nonelectric Parts & Accessories Of Machinery,-39642962,-61323631,-93659323,-151050896,-170812456,-132345852,-55510126,-50705729,-82210141,-116141777,-108345139,-157840634,-254352411,-195344224,-212653249
748--Trasmission Shafts And Cranks,-376898851,-479510860,-597078674,-813016425,-846846928,-1025310561,-1153831850,-746594744,-842606390,-1180066758,-1190569441,-1019101081,-1113693545,-1141814661,-968927513
747--Taps; Cocks; Valves & Similar Appliances,-425622087,-478195396,-672825092,-796322866,-826606326,-759124379,-676239448,-517372778,-559560606,-772923869,-782867369,-766212960,-948478170,-903801084,-776006472
746--Ball Or Roller Bearings,-66973028,-82041768,-105455628,-127675924,-147548434,-184488016,-225600864,-155079140,-191304364,-205227935,-253650343,-232708622,-235980391,-172965832,-158879719
745--Nonelectrical Machinery and Tools,-547968413,-656663422,-761071889,-805724935,-910679330,-959441806,-999839770,-633570345,-659557052,-872701255,-841949613,-1040386671,-1083381699,-913497480,-1080574715
744--Mechanical Handling Equipment,-511319627,-507112558,-656711660,-910746482,-837542838,-861521786,-1010462768,-743138260,-722064242,-842364236,-1004511679,-1067475974,-1101580630,-1271122275,-1199732940
743--Pumps; Air Or Other Gas Compressors And Fans,-410296747,-507863204,-637678943,-801479319,-950785964,-959804606,-1083387814,-761107804,-893255618,-1223824398,-1143856257,-1097908140,-1408821009,-1398342758,-1197241241
742--Pumps For Liquids and Liquid Elevators,-305535567,-376657608,-568804530,-687028908,-755248509,-787029085,-749588968,-517026977,-740784678,-979971704,-991339144,-936815950,-1109736267,-989578985,-762704024
741--Heating & Cooling Equipment,-129505021,-196913957,-275949153,-307200236,-372728744,-361460469,-517894547,-324851765,-234520003,-368240862,-497174876,-439110557,-546943426,-595648063,-506314533
737--Metalworking Machinery,-67719162,-113961016,-121486696,-162785794,-251541215,-249934296,-275507268,-318445990,-179507688,-225659557,-197941858,-368898917,-351488357,-392357698,-362210925
735--Parts & Access For Metal Work Machine Tools,-90919212,-124088146,-188501902,-193595015,-160473524,-179128971,-195121321,-149351871,-156845114,-262968806,-300571734,-305751562,-306533874,-296715792,-287991849
733--Machine Tools For Working But Not Removing Metal,-100156865,-125524508,-135704846,-117539889,-94313155,-164268660,-137058391,-84057210,-79672002,-102898299,-145245753,-160155968,-180933282,-199661648,-208939623
731--Machine Tools Working By Removing Metal Or Other,-254674484,-219036559,-312343107,-380950556,-324177076,-358386506,-476493236,-281908429,-228827490,-487672913,-739645142,-634732846,-570375222,-557337287,-588627306
728--Machinery Specialized For Particular Industries,-639178916,-979169551,-1029335070,-1079137463,-1131667693,-869929797,-1166572610,-808421391,-623688365,-977020831,-1422667385,-1638652113,-1714406625,-1824033219,-1961460933
727--Food-Processing Machines (Excluding Domestic),-92384957,-125470848,-136530652,-163912202,-148618974,-188762343,-163013453,-140618325,-135152625,-190443834,-210254107,-268185117,-309468269,-322063645,-313656089
726--Printing & Bookbinding Machinery,-495545070,-551845884,-736370289,-776616790,-877979968,-720466364,-595746355,-291003070,-225898391,-288111165,-284556458,-311958981,-318158249,-304999548,-372056353
725--Paper Mill And Pulp Mill Machines,-135025856,-194158993,-167983263,-155366895,-202232305,-234705560,-204874696,-95453239,-93233936,-140820694,-116972819,-95163071,-151186326,-148593125,-169643330
724--Textile & Leather Machinery & Pts,-399222954,-571258666,-674820786,-849526436,-254652916,-289595876,-675458736,-487131690,-519330888,-460900633,-296466241,-306200250,-346215686,-324991239,-285569241
723--Civil Engineering & Contractors' Plant & Equipmen,-273325408,-318572571,-428097552,-713349657,-704145899,-670513750,-608158966,-412227494,-576167796,-719784489,-965235909,-818926711,-915940322,-907493057,-949120998
722--Tractors,-141307000,-172094029,-269119898,-246381575,-229553419,-239650750,-272169809,-157501666,-233204304,-282341139,-274347547,-414849623,-569128627,-522757660,-452520556
721--Agricultural Machinery (Excl Tractors) & Parts,-60906521,-85890435,-153637359,-118419408,-145612389,-91307510,-169699677,-163506539,-151814484,-215392351,-282252094,-436069918,-457250833,-371804210,-333538726
718--Power Generating Machinery & Parts,-87632958,-123590216,-169031465,-215804115,-229078769,-279795509,-457850369,-284285619,-274490197,-302534028,-405478899,-337168771,-417982626,-233577255,-169548206
716--Rotating Electric Plant And Parts,-560490750,-371580167,-317473235,-407514425,-424344919,-801113974,-837889433,-573193250,-403542256,-599996126,-550328003,-544867176,-595187853,-405331005,-396195700
714--Nonelectric Engines And Motors,461276345,706362886,-777429090,-981785724,-1025403426,-1250368771,-1340358196,-1224721931,-1035207203,-1304549635,-1624050727,-1569607787,-1825706328,-1987974977,-1643408932
713--Internal Combustion Piston Engines,-1629411214,-2079193046,-2273509571,-2292861166,-2692851779,-3306043970,-2849331755,-1462717210,-1982114539,-2191425738,-2916372770,-2513103697,-2861632256,-3302306438,-2816939653
712--Steam Turbines & Other Vapor Turbines,-145411311,-83113819,-98717383,-34312992,-72450223,-92415327,-84145862,-67213402,-122190620,-161309289,-81862407,-56047186,-99869851,-36726112,-68587045
711--Steam Or Other Vapor Generating Boilers,-3869268,1311802,-1215108,-4065392,-5201325,-3021336,-15945548,-3809585,-9737973,-3344808,-11739041,-1970460,-6292326,-20332690,-3625654
699--Manufactures Of Base Metal,-223252148,-300545392,-375965960,-349552076,-337222409,-359421274,-369569468,-265232614,-307778833,-363729093,-472394973,-526202133,-587776613,-524945569,-397092531
697--Household Equipment Of Base Metal,-63403943,-65409785,-68231544,-61257148,-55123494,-28053032,-23142849,5915290,18531880,24277742,24841455,21521119,36183444,-539803,-19660499
696--Cutlery,-76346790,-99423416,-101363134,-95950611,-105071218,-96504252,-69559285,-38864845,-68544433,-83870263,-92351238,-88877848,-108547629,-110455894,-108577895
695--Tools For Use In The Hand Or In Machines,-149507459,-166600071,-203943163,-268250640,-352492404,-334572002,-275849563,-162447199,-269175256,-325883781,-422546724,-501080062,-520021491,-484693928,-483210538
694--Nails; Screws; Nuts; Etc;,-76539237,-102596051,-126246192,-133479019,-135842754,-169421535,-153628945,-89088824,-111552703,-182325672,-214224993,-211343348,-258622248,-258088518,-195160091
693--Wire Products & Fencng Grills,-21756513,-25052407,-35886674,-36827073,-50528924,-49627299,-59269437,-42202400,-28192239,-44928881,-51736647,-48489083,-50206327,-53280397,-53605054
692--Metal Containers For Storage Or Transport,-9183004,-8832455,-16035015,-36950292,-30746127,-74377289,-46332703,-27310895,-51369002,-83455675,-168697479,-188945991,-155529675,-157428057,-182397700
691--Metal Structures & Parts; Iron; Steel; Aluminum,-62172446,-84280297,-80690342,-112186811,-133263546,-166674339,-126311136,-132939720,-158921800,-98646500,-149448612,-161870104,-204331002,-278517943,-182754813
689--Miscellaneous Nonferrous Base Metals,-3043168,-13037265,-38568068,-58739068,-109203299,-107440158,-102900138,-15775301,-34612323,-26141840,-75919738,-28632729,-81276561,-77301810,-85136706
687--Tin,48907,-950556,-858625,-2990841,-1388953,348088,-802684,-889558,-67557,-385537,-1087964,61184,-429756,-490924,-584130
686--Zinc,-3583374,-4868770,-3935235,-5427938,1153660,2757532,-2041803,961372,-11762560,-18610123,-20744687,-18572864,-33034756,-24438126,-25924688
685--Lead,-149407,-404814,-1785047,-1112319,556760,-5154444,-7129718,-3668244,-3746550,-3692809,-3853468,-2666598,-2723259,-20365144,-3577234
684--Aluminum,-303031968,-319548074,-399881400,-538209448,-663185670,-582722754,-580485370,-326369275,-388106364,-424693568,-388134596,-346614451,-254502594,-281960619,-276876251
683--Nickel,-50915078,-32837958,-107651382,-161426417,-180360153,-214231079,-130129676,-45902896,-89286234,-139657707,-134911221,-70326889,-110355163,-108898166,-37499060
682--Copper,-162281946,-154555190,-276570952,-315059491,-500585308,-420807355,-344014823,-232281947,-398970410,-515244741,-508484979,-487227495,-554179565,-480455691,-449881471
681--Silver; Platinum & Other Platinum Group Metals,11356715,55083152,83167740,53259106,-60305011,-73999306,47157140,139274157,229415728,-141735128,208837038,-357884097,-85196855,141967765,-19461744
679--Iron & Steel Tubes; Pipes & Fittings,-225530318,-156345144,-198136035,-394177280,-467654661,-633471061,-992802890,-571432260,-446917081,-614033021,-893695740,-623847213,-754498392,-684279937,-300974505
678--Iron And Steel Wire,-14660029,-10658550,-19927651,-20269676,-19770881,-8628087,-6335191,-4703191,-12492086,-8665545,-17942225,-23880056,-24059373,-28821954,-28712107
677--Iron & Steel Rails & Railway Track Const Material,-5123569,-783093,-969323,-1975416,-1228133,-2832825,-1073484,-3208335,-5281540,-5443287,-4407451,-5449378,-6113741,-1476320,-1003209
676--Iron & Steel Bars; Rods; Angles; Shapes & Section,-109120868,-89556011,-282466558,-313627097,-257660460,-200768695,-279261322,-142239057,-228546040,-325132477,-308655757,-306693110,-391352523,-397819114,-253583310
675--Alloy Steel Flat-Rolled Products,-147935529,-132581070,-224146673,-250961591,-244376863,-297361088,-185580141,-89211701,-147987402,-329277299,-200219152,-166047007,-221797474,-187980808,-232708232
674--Iron & Natural Steel Flat-Rolled Products,-62159491,-84056891,-91990178,-113698966,-133016519,-176438261,-125986793,-63056390,-97132083,-79908529,-118414217,-115350522,-144460982,-220864778,-188187766
673--Iron & Nonalloy Steel Flat-Roll Products,-51041799,-55610090,-66981228,-20838804,-102396709,-37189405,-59839481,-32645466,-155999968,-102685268,-214577465,-194913874,-131227577,-209444727,-173225768
672--Iron Or Steel & Semifinish Products,-85141369,-71590711,-82434494,-104875885,-53382742,-54473660,-63717065,1569787,-173333147,-77632613,-81126726,-12255612,-28154077,-24038381,-7511638
671--Pig Iron and Iron & Steel Powder,-19351685,-11319274,-23241684,-14584031,-16934155,-13067164,-37467465,-22580445,-38381041,-50613616,-29656345,-20736791,-24646118,-18436734,-23843121
667--Pearls; Precious & Semiprecious Stones,-17011911,-22595819,-25169336,-25889072,-36401606,-23872187,-33582541,-19628285,-26194559,-25623140,-20664277,-7859684,1950291,-8154340,-10394193
666--Pottery,-49763118,-51484353,-47757729,-49793197,-43803718,-42732071,-33962055,-24788147,-25869831,-26170022,-24575238,-27334059,-29063985,-27730873,-24630034
665--Glassware,-69084580,-90302014,-73790488,-95434290,-129946104,-152768752,-154310967,-126131129,-123670863,-116516451,-146127530,-157567287,-145596160,-151412250,-138878234
664--Glass,10734347,29734787,21731284,41512730,61281976,129271088,125101687,33425637,89533048,196699583,160617858,203401294,133542104,255645967,294056778
663--Mineral Manufactures,-127598219,-148701586,-174796387,-187654703,-172607030,-94586367,-72797233,-24323578,43804789,33374461,-58708105,-66572752,26925599,144676279,78221605
662--Clay And Refractory Construction Materials,-22213489,-32579652,-37719158,-33549918,-26620379,-31007531,-27368289,-11441102,-20625700,-34888860,-28432342,-43464175,-36462108,-45914564,-44393904
661--Lime; Cement & Fabricated Construction Materials,-10533969,-14122765,-15465857,-8919571,-11489778,-10463878,-12683701,-5076113,-3862158,-6929663,-3740174,-6922743,-6360318,-3607692,-3382803
659--Floor Coverings,-9738970,-17846742,-19251492,-21194485,-19205931,-14377449,-11212102,-10135181,-14387682,-15345653,-15057397,-14414397,-19893795,-16086028,-19682197
658--Made-Up Articles Of Textile Materials,-16167879,-14763887,-2599799,6866219,5695423,10335973,7794026,26406488,28849120,31474166,19774842,21273601,15542445,20669267,15485010
657--Special Yarns; Special Textile Fabrics; Etc.,-64992382,-86924826,-119537596,-111781497,-92721859,-99745666,-83306148,-48629637,-86701215,-92957970,-92982848,-152263921,-179695675,-153236138,-179224249
656--Tulles; Lace; Embroidery; Ribbons; Trimmings; Etc,-10164071,-6525656,-7752806,-7707354,-8799352,-7123747,-7948956,-4167292,-5262142,-7999459,-7689450,-4264272,-8096735,-9343081,-14480445
655--Knitted Or Crocheted Fabrics,-7525240,-15202966,-13727598,-6939183,3839232,-2487558,2016545,263491,-6706546,-10432974,-8469832,-13006615,-15395590,-16213514,-14735881
654--Woven Fabrics Of Textile Material; Not Cotton Or,-18553106,-10772166,-11343964,-8404028,-6584,-4547683,-4623678,-2634482,-3822015,-5229197,-8960354,-7763607,-8455856,-6323051,-4819304
653--Woven Fabrics; Manmade Textile Material,-7007717,-12674997,-15473166,-16966797,-11599312,-10101091,-9496738,-10767100,-13466492,-11889994,-15130338,-14144219,-18594147,-17255380,-17957507
652--Cotton Fabrics; Woven,-10730919,-8646829,-8770546,-11114328,-8670216,-8811165,-7721982,-3820794,-4642314,-5556098,-6317441,-4636229,-6005433,-9036541,-9342511
651--Textile Yarn,-54943788,-61956688,-55276327,-70211953,-64132639,-58922784,-47027725,-31114274,-28186910,-57402053,-63448296,-85276435,-78952545,-76849836,-62879397
642--Paper & Paperboard; Cut To Size Or Shape; Article,-69441868,-94748825,-100102733,-99311656,-101939150,-120062774,-101515409,-86903691,-73284880,-81828031,-85597293,-87734403,-101465721,-89557619,-82456702
641--Paper And Paperboard,-351184733,-392709355,-503194429,-528797495,-617691514,-556884677,-586165029,-410325536,-467596116,-512660912,-521985787,-437077444,-409889536,-521146582,-505710563
635--Wood Manufactures,-12425146,-17081961,-13652540,-20428479,-31163073,-30647979,-23731986,-13258824,-10117884,-14287383,-13772836,-20248616,-17000599,-15008138,-19086379
634--Veneers; Plywood and Particle Board,-116474712,-58851415,-175369659,-180097275,-114477751,-79713447,-19680734,-40429487,-20681923,-4526045,-25978686,-42022449,-62416881,-77770281,-100163906
633--Cork Manufactures,-715834,-375505,578715,3331077,4515427,5428245,6598582,2353324,2228344,1731722,-156313,-77220,-129194,-49103,-13186
629--Articles Of Rubber,-100933569,-106123259,-141234739,-172352686,-166296364,-194140883,-178139727,-143847224,-167105563,-215731870,-229452642,-226618332,-258583460,-240588133,-226363727
625--Rubber Tires and Accessories,-131252612,-120990333,-177296360,-213725011,-205788931,-248340631,-190845267,-186045399,-214666325,-331467521,-390824235,-427928692,-421677281,-426388159,-274033490
621--Materials Of Rubber,-43460529,-50775831,-65334865,-81935850,-87973938,-87730990,-102810775,-92017081,-114017977,-147036625,-152467649,-169866801,-158597788,-157326721,-150162436
613--Furskins; Tanned Or Dressed,813585,1233049,3426030,4056414,4261928,1403996,1244515,280599,349060,1171048,724817,560692,13073,-16884,172885
612--Manufactures Of Leather,-16112265,-20970382,-21732442,-22382936,-23553422,-30819588,-31979464,-23871265,-22997008,-22697813,-18143125,-16634510,-16271529,-9406917,-10204748
611--Leather,-29964149,-23087073,-21504896,-18181566,-16643403,-18579139,-18406628,-7396815,-9363111,-6444175,-9475105,-9591091,-9596798,-10336483,-13126926
599--RESIDUAL PRODUCTS OF THE CHEM/ALLIES IND.; WASTES,32066,24316,-400475,502110,517139,1697999,-705039,-51161,-273062,-1439608,-767382,-148475,100565,401792,-466186
598--Miscellaneous Chemical Products,-57170110,109517094,251326859,256037809,240984019,353638741,286908197,226384376,221466421,303585932,187786110,89804609,133571545,360552116,284155878
597--Additives For Mineral Oils,-25650540,-36043627,-40859443,-44144701,-42735866,-47017347,-45811574,-72010432,-70529723,-71547001,-94157213,-90277164,-73145746,-67976788,-77520850
593--Explosives And Pyrotechnic Products,722655,-11767703,-22769965,-22349712,-24500990,-29459239,-6812285,-4090505,-3790147,2158447,13856178,-577977,-24106015,3106060,-17958412
592--Starches; Inulin & Wheat Gluten; Albumin Substitu,-51002172,-74081112,-80249005,-64866451,-59560371,-69918873,-57952248,-46255325,-32432668,-70784759,-151073363,-112112038,-133320530,-113528801,-172126489
591--Insecticides; Disinfectants,-57921722,-90492635,-105967867,-66322117,-44581180,-58979053,-47460248,-28718778,-31070554,-56697060,-78031004,-95862053,-52239600,-135834124,-141035488
583--Monofilaments Of Plastics,-184883,-1012868,-1504966,-2732908,-4484177,-4448321,35847,-1124686,-4333075,-9315390,-11046581,-9051305,-5936912,-8330880,-7979150
582--Plates; Sheets; Film; Foil & Strip Of Plastics,-101023490,-130909533,-147294742,-141136918,-176229393,-129420071,-43880412,772690,-3243416,-48863941,-96256173,-129688788,-156252577,-104511922,-68925500
581--Tubes; Pipes And Hoses Of Plastics,-28121285,-33997363,-43809213,-46903247,-40573699,-42388431,-46597699,-37424389,-38012795,-68373723,-90149762,-110069884,-122122033,-108775563,-107609086
579--Waste; Parings And Scrap; Of Plastics,-21926425,-17801124,-16989886,-17111858,-43513159,-15667802,-10853612,-16459772,-16591840,-6818966,-10861010,-12154446,-11245880,-5062747,-4133732
575--Plastics,-272299817,-292875209,-317448916,-334242130,-338879981,-341354958,-394851649,-308132621,-408757507,-430395982,-579641099,-571868922,-739046498,-703500846,-678812830
574--Polyacetals and Epoxide Resins,-29473471,-46218887,-45151107,-53552390,-59634741,-52254936,-71444656,-22887818,-27031630,-1403052,-72568111,-74433900,-90911576,-118121086,-101847358
573--Polymers Of Vinyl Chloride,-34398953,-54641368,-97273836,-129541146,-122998228,-97659801,-85975495,-50665505,-75432041,-88051255,-84529965,-97302911,-106144826,-98117476,-89149769
572--Polymers Of Styrene,-9942601,-9667188,-12200124,-25050671,-27338221,-12328116,-11339567,-271519,644044,1198712,-11299152,-16727577,-21013549,-26323038,-25452603
571--Polymers Of Ethylene,-1466041,-6336474,-16200413,26900473,52604106,948985,-6935696,-4427293,-19794301,-28041034,-40356742,-26727193,-54324014,-40947738,-39587798
562--Fertilizers (Except Crude),-31046414,-29426723,-40994411,-44612528,-60232157,-55073054,-80473649,-65533027,-45755278,-88883683,-87816923,-92746100,-68998372,-82024078,-72264618
554--Soap; Cleansing And Polishing Preparations,-49337761,-53832876,-54756341,-47404331,-50686202,-49097799,-44059053,-27874654,-50535375,-52498053,-58439813,-67330383,-76356778,-70768245,-47920838
553--Perfumery; Cosmetics Or Toilet Preparations; Exce,-72078960,-72130933,-70004695,-28524267,-15107286,-8374438,27620438,14372384,-11598769,-76759502,-57329900,-95124897,-32716946,-54763295,-66323168
551--Essential Oils; Perfume And Flavor Materials,11077794,12293192,10500508,2877895,10940708,5348611,5684122,13874013,35175743,16520951,54748955,61333052,56943226,55061029,29805404
542--Medicaments (Including Veterinary Medicaments),-1916338747,-2358310881,-2948032269,-2980410438,-3788114494,-5429611946,-4412992538,-5180060620,-4962310839,-6353321954,-8271435291,-8636711540,-10654573150,-11119516460,-8989418394
541--Medicinal Products; Except Medicaments,-616458071,-608213252,-110685812,-495557952,-410808979,1415962444,1058097970,3405385952,3318734449,143343402,-97458102,-333108570,-1049631580,-1060557582,-1627950749
533--Pigments; Paints; Varnishes And Related Materials,-167060861,-194711633,-145741338,-164047902,-165552329,-122593407,-109282428,-83511026,-110097850,-206293037,-261313671,-300920585,-284552514,-220051892,-204631343
532--Dyeing & Tanning Extracts,-1443683,-1631885,-1109030,1744581,10017709,14876222,7534158,1483735,1355985,4382138,1206226,3355774,5656768,5742766,1803528
531--Synthetic Organic Coloring Matter,-137076077,-117980945,-87258243,-76905345,-70560272,-52121579,-67320761,-57521995,-43611113,-77251987,-115642324,-78451415,-90429214,-63577280,-87629673
525--Radioactive And Associated Materials,-85759628,-72068254,-186665943,-185329984,-229927684,-359678137,-464056229,-478591773,-368525996,-437388559,-433044624,-345497493,-93994229,42961838,-90191792
524--Inorganic Chemicals; Precious Metal Compounds,-6507827,-11918438,-33506765,-43945767,-54143506,-43872629,-26500422,-4569294,11868251,-13864142,-29133549,-9027952,-15827207,-26893335,-40878357
523--Metallic Salts And Peroxysalts Of Inorganic Acids,-108506141,-32691632,-81591613,-87582576,-83827673,-79512415,-107309662,-101297707,-94584581,-109970424,-147205075,-130517305,-116549913,-123287070,-101576856
522--Inorganic Chemical Elements,-138961421,-134004322,-143318975,-113477636,-106766018,-100385783,8804344,10065346,-88863139,-150657342,-199156739,-183940011,-61256896,-209862431,-168104515
516--Organic Chemicals,-104364704,-110681635,-131966234,-133817544,-88275568,-125042664,-167850242,-176840585,-231837639,-222958285,-231595567,-217217610,-221662991,-227123834,-183459164
515--Organo-Inorganic & Heterocyclic Compounds,-1230718388,-773382371,-1202015507,-1442941656,-1034865565,-1036254999,-1112146272,-822384806,-596694583,-402167546,-627344698,-889040474,-1049231448,-594508502,-690981348
514--Nitrogen-Function Compounds,-249348840,-209474862,-194475891,-183209490,-196204892,-202457377,-230512759,-154719117,-219190408,-268447939,-274254354,-289118361,-318703392,-264986336,-294426635
513--Carboxylic Acids; Halides; & Derivatives,-87144176,-86068627,-97027652,-95577118,-121146147,-73233202,-92766820,-145190744,-201768743,-194767156,-230287941,-242611064,-310374332,-232846456,-197404648
512--Alcohols; Phenols & Halogenated Derivatives,-104238403,-101947293,-163447385,-216184623,-127839801,-82864563,-171894910,-79061587,-132835665,-110159372,-128255124,-142397823,-201381225,-180823244,-134388642
511--Hydrocarbons & Specified Derivatives,-18879819,-68404501,-45081827,-95098155,107741278,83284903,44485919,-63715250,68689304,-65281139,-57663342,-205743923,-133958065,-54797567,-33789256
431--Animal/Vegetable Fats/Oils Preparations,-2006038,-3507873,-4832251,-6191023,-5700839,-5506739,1749455,-3219672,1476811,8198795,24058644,17618957,43062497,10680525,-1919721
422--Fixed Vegetable Fats & Oils; Crude,1828209,4173601,2271467,1098440,569754,960029,2335907,1991129,5961772,2360211,1800452,1740628,3984437,2884940,3428976
421--Fixed Vegetable Fats & Oils,1636431,781146,5770705,9385928,46636775,11009947,23561906,-1796596,-2721315,26230737,44532112,44470703,3711101,1113120,1197106
411--Animal Oils And Fats,-2385948,-1829045,-2380650,-2026282,-3102360,-1809697,-2049249,-2563683,-3042445,-8276261,-3075111,-23651,21641259,15271271,22917765
345--Coal Gas; Water Gas and Producer Gas,0,0,0,0,0,0,0,82375,0,0,0,10675,0,0,0
344--Petroleum Gases & Other Gaseous Hydrocarbons,-312904,370433,-775232,67777,1069176,974954,-3967667,-4967649,-37736198,-39994996,-27282501,-8656967,-17641956,-175001,-119550
343--Natural Gas; Whether Or Not Liquefied,9076,0,0,0,0,27573,0,0,0,0,0,0,0,0,0
342--Liquefied Propane And Butane,6814,-587910,39392,10728,175365,257830,249600,165220,221938,-7444,149827,6968599,-7888,-32077,-52274
335--Residual Petroleum Products,-14374971,-56957704,-151775938,-101006801,-106129279,-48008443,-99537467,-53777269,936620,29121805,12100906,-673289,-13147250,-17028377,-20752651
334--Oil (Not Crude),-472287449,-516559051,-875800129,-1726656987,-1515461025,-2034842423,-1517095353,-576168603,341661972,477900444,168076735,-137137839,-183861897,-80747914,7627275
333--Crude Oil,41965,0,0,-27239919,0,0,0,0,0,0,0,0,10060580,0,0
325--Coke and Semicoke Of Coal,-42123,-107002,-23419,0,-6951,0,6713308,-7848376,-2091,8723710,0,534786,316272,-2269,-18057
322--Briquettes; Lignite And Peat,28723,-37494,-44202,-80488,-56025,1505395,353508,-38224,344509,-198334,78125,-119532,57320,-417629,-407746
321--Coal; Pulverized Or Not,30038688,15362217,24453136,58939897,144848530,157716803,229862417,238924757,315176366,602329242,598543570,504801955,442062016,275831900,249937124
292--Crude Vegetable Materials,7738159,2713855,5281462,723785,2165550,860369,18991991,31219094,15145377,18618902,-143219,-22471937,-21166671,-31007546,-37723807
291--Crude Animal Materials,2086910,5426668,5460678,646917,665480,5966760,8579781,8916104,4163376,4692687,7234238,2310703,4974447,2546920,-819839
289--Ores & Concencentrate Of Precious Metal,39069356,35220309,70476968,120539994,244501401,365044975,193955712,73383621,54493906,307309075,235246760,160176069,-16464399,27875309,2319396
288--Nonferrous Base Metal Waste & Scrap,19143415,-15865682,551441,9011120,61043855,40453897,45038148,30351242,55480351,135405993,192362570,192247990,239340152,174251196,122830729
287--Ores & Concentrates Of Base Metals,16943968,37733391,18963889,17715771,40281442,27749225,49935400,6807149,55220098,6711125,40374585,43758126,87464743,66295671,91281993
286--Ores & Concentrates Of Uranium Or Thorium,0,0,0,0,0,0,0,0,0,0,0,0,0,0,0
285--Aluminum Ores & Concentrates,-16427688,-20770940,-19324198,-9437546,-12863384,-17130888,-15953010,-17558507,-21955280,-20028538,-29349424,-34764678,-37233592,-39375068,-25169347
284--Nickel Ores & Concentrates,163858,134158,304647,436999,538252,893516,3083334,589205,525408,1732777,881885,265504,421194,536177,325212
283--Copper Ores & Concentrates,380210,15746,186382,86418,-4082,9366691,744029,604860,562951,4303920,2556336,91165,132235,-132280,15305
282--Ferrous Waste & Scrap,4305570,2923764,7059430,3356238,3214772,1333327,257912,-11360240,-24672604,-6311241,-16293248,-2623940,3797760,2293431,-2036928
281--Iron Ore And Concentrates,5921,0,3650,97038,29478,0,14949283,27459083,33416658,15050009,818992,4501335,6931,21750,-21637
278--Crude Minerals,22271309,19446566,22015335,23278432,68240201,41055200,50965453,42536324,46202799,48064509,34261417,40676883,34735467,21330499,31122008
277--Natural Abrasives (Inc Industrial Diamonds),4983014,5928052,13442290,2492925,2307562,1377955,1437441,1037618,2175463,2920062,1855759,1139557,1567257,2118659,2907358
274--Sulfur And Unroasted Iron Pyrites,-15045,6123,-43915,-546588,-26604,-4891,-27026,2962,12951,22023,-44463,0,11571,0,17785
273--Stone; Sand And Gravel,12761484,14717220,15150654,21238685,18656029,22415012,21121021,19947991,39485908,43731186,33410312,26962200,26681787,24550830,20228269
272--Fertilizer; Crude,-352233,-279935,-255841,-360657,-1152419,-1125676,-1838951,-874859,-1586365,-1427685,-2789308,-10757644,-1879777,-2572419,-1578690
269--Worn Clothing & Other Worn Textile Articles,580175,947176,271841,527167,374339,1542537,2674593,2042110,2533009,2468446,4324193,4025534,5793790,6528740,4392809
268--Wool & Other Animal Hair,-1267119,3046786,2105974,2939179,1463752,2604269,1547017,-1356187,-951321,-1552344,-2040253,-1615456,-2742147,-1952943,-280023
267--Manmade Fibers For Spinning,-2925597,-7862009,-13803768,-9286268,-2943201,-8905501,-32769863,-32907312,-27665555,-37871483,-27338115,-24457174,-34655221,-33720611,-31790693
266--Synthetic Fibers Suitable For Spinning,-9757460,-11350679,-28352136,-52375548,-54826687,-35954428,-38637557,-26485572,-49547188,-50084101,-51174290,-82392828,-97460320,-94867834,-49600224
265--Vegetable Textile Fibers,109789,422421,13197,-45146,-84336,-25920,-33565,45821,-43868,-5216,-2729,-66577,-20190,-94408,-22774
264--Jute Textile Fibers,-66617,-211630,-252196,-398775,-37595,-78131,-5789,-3866,0,83757,0,0,0,-29233,-722
263--Cotton Textile Fibers,17097730,21292079,10153745,14784599,16134776,15691923,14066438,10436361,12942043,42084793,23036830,19342735,14708223,16647544,13308083
261--Silk Textile Fibers,28595,0,2681,4720,11039,-166021,-179306,13374,-208520,-10202,-3599,11652,2604,-8796,-188
251--Pulp And Waste Paper,220015206,201031092,195901508,241702233,241359328,286318665,371259751,275623316,315727311,287242635,304066007,266603823,254436200,224918865,226419249
248--Wood; Simply Worked,-131887295,-132489923,-239960475,-378396569,-365769550,-236249591,-120963215,-13737745,1794126,3586971,3179591,-11649957,-16214161,-24204165,-39343329
247--Wood In The Rough,39119592,42117865,40193117,41698311,35072031,54833474,56558945,34068688,40271144,34969858,29666972,24237996,18077433,17907322,15541419
246--Wood In Chips Or Particles And Wood Waste,201016,470054,186363,116978,129694,672245,301180,143127,497381,352559,876633,8520033,3661859,-284864,-1248111
245--Fuel Wood & Wood Charcoal,-174692,-33060,-17815,0,0,-110504,-606021,1028274,43744,42563,12589,48333,175117,-16335,-124222
244--Cork; Natural; Raw & Waste,0,-7480,1318,23204,42456,844628,116344,73484,52365,-50141,135308,77668,105049,132013,67457
232--Synthetic Rubber and Reclaim Rubber,-15549895,-6838841,9094480,23054528,28541458,29206662,23539010,-17511896,-30899316,-61405732,-99848395,-56731957,-95773422,-94482840,-82566979
231--Natural Rubber In Primary Form,500597,-384052,224831,312791,674958,-227519,-146549,1584247,3472606,760465,539254,-283041,914105,608076,635812
223--Oil Seeds and Oleaginous Fruit For Vegetable Oil,515160,2436640,156749,80406,156116,546963,200578,384205,968994,521464,729999,442106,737683,88600,71965
222--Oil Seeds and Oleaginous Fruit,272138988,296860941,400919530,214426735,40037173,344546355,779753440,462910751,536440188,314203993,905246417,779142381,621608156,837172490,458676117
212--Furskins; Raw,6221693,7298622,9481934,4466793,3689913,3483247,12095152,1634518,3131030,6175983,5040451,8685271,12591219,1609175,1917657
211--Hides & Skins; Raw,12650556,13981223,5247299,4337691,10932337,12940298,13980121,6286478,10561779,17128612,10807228,18676827,16298811,11004134,16730431
122--Tobacco; Manufacturing,14840089,15608560,12717232,6248115,7112204,1989970,5595681,-5631887,-8865760,-12023086,-18194063,-5217487,-14144062,-17285576,-19652680
121--Tobacco; Tobacco Refuse,186249286,157919659,173512035,166269170,220478031,182732031,127293500,79614612,66040122,82662769,71098447,71427661,52038354,47924824,40249631
112--Alcoholic Beverages,-186295448,-230345227,-259109498,-311756275,-321380344,-349864294,-360023165,-326104327,-305798975,-319401889,-256239705,-167497653,-157299835,-97746638,-169967395
111--Nonalcoholic Beverages,-15963042,-17013221,-16777565,-15128941,-16982966,-15420757,-15358538,-14054513,-13360859,-13890994,-14292827,-13302791,-20479076,-20321114,-21088713
098--Edible Products And Preparations,-7444853,-3437065,-8148486,-6616955,-8771341,-14473343,-15177259,-36785140,-41380267,-45291992,-50755913,-55321311,-69610067,-74458449,-74080791
091--Margarine And Shortening,-67541,57522,42874,27348,414398,562839,806438,862350,1628209,1682370,2824574,2550180,3131606,1190183,2675250
081--Feeding Stuff For Animals,22712931,2504251,9114133,-10765421,-12989315,-4823762,-4347686,-1657471,9648247,-9445933,-17166517,-1001397,32931912,-23022565,-15490369
075--Spices,-1040466,-7026712,-6938557,-4571263,-6405372,-10113909,-3881346,-5273733,-9290452,-13494521,-14069640,-15016069,-10816243,-7013091,-7549553
074--Tea And Mate,-15180173,-22931408,-24048117,-30137395,-34956773,-36339373,-41507215,-35478129,-42995316,-41586592,-37834846,-37936511,-37303700,-40815173,-29686900
073--Chocolate & Other Food Preparations Containing Co,-49206134,-50060381,-43529002,-49283803,-58147639,-73895343,-68516828,-65032408,-87433654,-110485586,-131272718,-149200554,-154176388,-122278938,-107240748
072--Cocoa,277399,-6064027,-7380624,-7173820,-1770046,-3739912,-7211817,-10935233,-48527263,-52828447,-47817028,-21941785,-19375809,-18670405,-29989886
071--Coffee And Coffee Substitutes,-34041325,-38210985,-49909601,-117991122,-97106817,-103107604,-139591371,-127574327,-120418742,-156429359,-139811241,-149586597,-137799118,-124729931,-127871896
062--Sugar Confectionery,-15016838,-8610704,-22134860,-27091670,-29004152,-30844849,-30853916,-34185421,-40994345,-51648755,-58439266,-64186637,-81807458,-86064475,-101970468
061--Sugars; Molasses And Honey,4611270,6402113,5387870,3865733,1019101,-355412,1986705,-2085540,-3074724,-571948,-4249475,-212396,-4167370,-5548970,-7999608
059--Fruit/Vegetable Juices; Unfermented,-26160831,-19295402,-12569354,2572024,1738143,291974,-68056,-831532,-102789,-2167508,-3234384,-2455190,-3978747,-8346498,687787
058--Fruit Preserved and Fruit Preparations,19480164,19160247,13445682,17340640,15558894,21238426,20662539,22290233,25264871,20470161,17410097,8260067,8606247,25581928,19990161
057--Fruit and Nuts; Fresh Or Dried,164941535,181571689,207903215,323113566,328049588,346867306,361208629,313138715,374041067,426108925,454743678,638099023,746079987,713251755,530286579
056--Vegetables; Roots And Tubers; Prepared Or Preserv,802578,1565386,-1932223,-3082502,-3761727,2950402,-744800,-11133441,-13670811,-12749188,-32402099,-31032873,-25390321,-29304464,-27583934
054--Vegetables; Roots and Tubers; Fresh; Chilled or F,-6420341,-7847583,-8706405,-20135372,-24780050,-15506077,-29000710,-15894504,177087,-967219,13209150,-7513582,-9391205,-12800683,-15709142
048--Cereal Preparations,-48499063,-64609272,-71588846,-77750558,-84320299,-94888924,-106882914,-93017464,-97747413,-125038660,-141703501,-157625926,-162625036,-157853502,-161929370
047--Cereal Meals And Flours,128580,24533,133851,71690,150334,50339,-54555,-32253,-113920,33060,56725,-16649,-206124,-288909,23394
046--Meal And Flour Of Wheat And Meslin,12585563,33202,506816,-22823,-68542,-115152,2107384,871403,-149039,-168103,-68712,-113713,-133803,-74294,-54906
045--Cereals; Except Wheat; Rice; Barley; Maize,1782965,-1113761,-1423621,-926690,1483182,15379286,-6860828,-7444710,2963483,1446845,-3943193,-16385550,-16624379,1974761,-3298183
044--Maize (Not Including Sweet Corn) Unmilled,2368403,1666629,1165437,1081738,814867,2826758,13885288,3491357,19990959,16499458,1419006,1040348,1352463,1009494,1895008
043--Barley; Unmilled,0,-4220995,-10100,0,-10284,0,0,4080,-3212,0,-5773,-4720,-2886,3074,-10412
042--Rice,12262691,12906881,16846870,16028621,13895459,9441935,8985338,3647817,5001303,8160114,5323444,4890502,7443061,6268309,7823569
041--Wheat And Meslin; Unmilled,59339,-101505,-87394,-81268,-32366,-78625,95791,-77375,8650867,8202157,4760057,6526802,-77128,39977,62467
037--Fish; Crustaceans and Molluscs,-893595,-319319,-828030,1755195,-1433685,-537895,1380852,-2237522,-4782086,-5242435,-7786938,-9026799,-1498107,-5020463,-3522705
036--Crustacean,4700124,5472595,5766235,4938077,7394463,8681898,8760515,9627343,12292358,13116505,10138981,8297241,8763334,7709265,4994423
035--Fish; Dried; Smoked Fish,1455355,1327808,3321199,1969292,3526112,5922970,3500344,1445050,5082843,6442957,3157366,4257471,746994,534037,-2623495
034--Fish; Fresh,117766431,95791233,175709559,201130113,249414169,219521667,218827385,165733248,209740727,270119571,271156291,299136054,309401132,241985360,191411634
025--Birds' Eggs & Yolks; Fresh; Dried or Preserved,895422,1645016,470445,2782949,3827586,10041497,15174926,21876598,22470637,13642483,11512392,2734204,2803770,-5093986,753909
024--Cheese And Curd,-32257505,-24877864,-29893972,-23607364,-20153734,-18949135,-14549207,-12808728,-14440674,-15769953,-14748754,-21490469,-33571047,-41260642,-39744084
023--Butter And Other Fats And Oils,-198154,11348,-125423,-1078352,-1043107,137556,-1043710,-1034688,-1141278,-1027031,-703060,-437241,-432685,-6581458,-9171341
022--Milk; Cream; Milk Products Except Butter Or Chees,-8064779,-4309705,725552,956710,1792835,1984971,1250260,1027973,890331,-4199251,-17602966,-45154483,-12458411,-5342098,-10834932
017--Meat & Edible Offal; Prepared Or Preserved,232697,587111,372075,-195323,-345740,1073217,378413,1069136,1232956,4042398,4293856,3834191,5842935,4982928,-2868839
016--Meat & Edible Offal; Salted; Dried; or Smoked,-2926633,-3535514,-4199496,-4552923,-4932715,-2953140,-3141828,-3230454,-3365269,-4229613,-3355731,-3655768,-3988141,-2497766,-2574818
012--Other Meat & Edible Offal,7058957,13428973,4087996,8752184,6336684,5950410,9471908,5700577,5573072,6855249,6892779,6655262,5289910,5416925,2871871
011--Meat Of Bovine Animals,3108613,2365935,3267623,3874812,3862743,5550502,11033788,5960413,13289911,21634983,32813301,35029608,35120544,33279257,25012048
001--Live Animals,-30360786,-34159033,-30794939,-42622962,-58302207,-76193105,-42991222,-23891843,-12669104,-28672342,-83193231,-115358684,-136678678,-189066016,-203640632
